{
    "VHcc_boosted_PN_med_qcdEnriched_topCR": {
        "18": 8380.01896641165
    },
    "VHcc_boosted_PN_med_topCR_pass": {
        "18": 273.1821089773341
    },
    "VHcc_boosted_PN_med": {
        "18": 5901.711043138613
    }
}