{
    "VHcc_boosted_PN_med_topCR_pass": {
        "18": 0.03259922323234449
    },
    "VHcc_boosted_PN_med": {
        "18": 0.7042598670472633
    }
}