{
    "VHcc_boosted_PN_med_qcdEnriched_topCR": {
        "16_preVFP": 48.479872780093466,
        "16": 35.69865252045668,
        "17": 55.10359016716203,
        "18": 68.73278163772983
    },
    "VHcc_boosted_PN_med_topCR_pass": {
        "16_preVFP": 169.26842428817105,
        "16": 93.34707100715306,
        "17": 197.02512860798757,
        "18": 273.16304705242453
    },
    "VHcc_boosted_PN_med": {
        "16_preVFP": 2965.0017664041297,
        "16": 2208.7782519541497,
        "17": 3814.838111067701,
        "18": 5901.237203378361
    }
}