{
    "VHcc_boosted_PN_med_topCR_pass": {
        "16_preVFP": 3.4915195643350594,
        "16": 2.6148625905042677,
        "17": 3.575540686374389,
        "18": 3.97427603748363
    },
    "VHcc_boosted_PN_med": {
        "16_preVFP": 61.159437852766025,
        "16": 61.872874632689175,
        "17": 69.23030059375483,
        "18": 85.85768046580797
    }
}